thema	taal	trefwoorden
Nettarieven	NL	capaciteitstarief|injectietarief|prosumententarief|terugleververgoeding|terugleverkosten|nettarief|nettarieven|digitale meter
Nettarieven	FR	tarif capacitaire|tarif prosumer|tarif d'injection|tarifs de reseau|compteur communicant
Dynamische prijzen	NL	dynamisch energiecontract|dynamische energieprijzen|negatieve stroomprijzen|negatieve elektriciteitsprijzen|uurtarieven|spotprijs|day-ahead
Dynamische prijzen	FR	contrat dynamique|tarif dynamique|prix negatifs|prix spot|prix horaires
Batterijen	NL	thuisbatterij|thuisbatterijen|batterijopslag|batterijpremie|stekkerbatterij|energieopslag
Batterijen	FR	batterie domestique|stockage residentiel|prime batterie|batterie de stockage
Netcapaciteit	NL	netcapaciteit|netcongestie|injectiebeperking|netverzwaring|aansluitvermogen|stroomnet|elektriciteitsnet
Netcapaciteit	FR	capacite du reseau|congestion du reseau|limitation d'injection|renforcement du reseau|raccordement
Premies en beleid	NL	energiepremie|premie zonnepanelen|groenestroomcertificaten|groenestroomcertificaat|subsidie zonnepanelen|investeringsaftrek|btw
Premies en beleid	FR	prime energie|prime photovoltaique|certificats verts|prime batterie|TVA
B2B en landbouw	NL	peak shaving|piekverbruik|piekvermogen|energiedelen|energiegemeenschap|zelfconsumptie
B2B en landbouw	FR	effacement de pointe|partage d'energie|communaute d'energie|autoconsommation
Sector en risico	NL	installateur|zonnepaneelinstallateur|PV-installateur|faillissement|fraude|klachten|keuring|brand
Sector en risico	FR	installateur photovoltaique|secteur photovoltaique|faillite|fraude|plaintes|incendie
Zonnepanelen algemeen	NL	zonnepanelen|zonnepaneel|fotovoltaisch|omvormer|PV-installatie
Zonnepanelen algemeen	FR	panneaux solaires|panneaux photovoltaiques|onduleur|photovoltaique
Vakpers Solar Magazine	NL	
